http://58.99.43.10:8088,http://183.207.224.51:83,http://111.2.123.217:8088,http://121.52.226.44:8080,http://221.182.101.213:8123,http://117.59.217.237:82,http://119.14.253.128:8088,http://111.184.226.3:8088,http://211.138.121.37:86,http://58.254.132.87:80,http://27.206.137.9:8088,http://218.108.168.68:82,http://123.110.219.104:8088,http://211.138.121.37:82,http://111.252.50.214:8088
http://112.192.234.123:8088,http://1.163.88.127:8088,http://140.124.72.74:8088,http://183.221.50.92:8123,http://101.4.60.50:80
http://58.99.43.10:8088,http://183.207.224.51:83,http://111.2.123.217:8088,http://121.52.226.44:8080,http://221.182.101.213:8123,http://117.59.217.237:82,http://119.14.253.128:8088,http://111.184.226.3:8088,http://211.138.121.37:86,http://58.254.132.87:80,http://27.206.137.9:8088,http://218.108.168.68:82,http://123.110.219.104:8088,http://211.138.121.37:82,http://111.252.50.214:8088
http://183.147.25.229:9000,http://139.196.76.27:8118,http://163.204.245.108:9999,http://121.13.252.60:41564,http://180.118.128.89:9000,http://27.159.164.201:9999,http://125.123.68.237:9999,http://113.103.226.147:9999,http://47.95.249.140:8118,http://134.175.81.16:1080,http://113.103.227.147:9999,http://180.104.63.194:9000,http://114.239.144.187:9999,http://113.123.28.125:9999,http://106.42.161.222:9999
http://218.108.168.68:82,http://123.110.219.104:8088,http://211.138.121.37:82,http://111.252.50.214:8088,http://112.192.234.123:8088,http://1.163.88.127:8088,http://140.124.72.74:8088,http://183.221.50.92:8123,http://101.4.60.50:80
http://183.221.245.207:80,http://182.234.7.94:8088,http://114.24.112.55:8088,http://218.87.170.179:8088,http://58.99.43.10:8088,http://183.207.224.51:83,http://111.2.123.217:8088,http://121.52.226.44:8080,http://221.182.101.213:8123,http://117.59.217.237:82,http://119.14.253.128:8088,http://111.184.226.3:8088,http://211.138.121.37:86,http://58.254.132.87:80,http://27.206.137.9:8088
http://1.198.72.67:9999,http://163.204.241.37:9999,http://117.90.6.111:9000,http://125.123.127.7:9999,http://183.147.25.229:9000,http://139.196.76.27:8118,http://163.204.245.108:9999,http://121.13.252.60:41564,http://180.118.128.89:9000,http://27.159.164.201:9999,http://125.123.68.237:9999,http://113.103.226.147:9999,http://47.95.249.140:8118,http://134.175.81.16:1080,http://113.103.227.147:9999
http://163.204.245.150:9999,http://58.22.210.155:9000,http://121.232.194.163:9000,http://123.57.61.38:8118,http://58.22.222.88:9000,http://115.28.148.192:8118,http://27.159.164.23:9999,http://125.108.92.204:9000,http://175.44.150.16:9000,http://58.211.134.98:38480,http://27.204.117.154:9999,http://106.12.68.70:8118,http://117.90.137.153:9000,http://183.129.244.16:13357,http://125.123.124.163:9999
http://117.90.137.96:9000,http://139.199.19.174:8118,http://125.123.124.53:9999,http://1.197.203.7:9999,http://117.90.137.53:9000,http://122.4.49.158:9999,http://219.159.38.206:56210,http://113.123.28.25:9999,http://221.7.211.246:51864,http://113.123.28.95:9999,http://113.123.28.45:9999,http://222.74.65.69:56210,http://125.123.126.253:9999,http://125.123.127.209:9999,http://125.123.122.54:9999
http://175.21.126.185:8088,http://113.56.193.66:8088,http://118.75.187.105:8088,http://222.219.240.186:8088,http://117.59.217.228:82,http://118.79.165.230:8088,http://59.102.184.87:8088,http://61.227.209.48:8088,http://124.238.238.50:80,http://222.188.239.59:8088,http://117.176.24.245:8123,http://117.35.205.74:63000,http://117.81.80.222:8088,http://219.239.172.223:8080,http://182.254.129.123:80
http://58.62.44.103:8088,http://124.239.164.102:8088,http://121.10.109.142:80,http://119.7.192.27:8088,http://115.228.244.31:8088,http://117.87.246.228:8088,http://120.1.195.164:8088,http://222.219.9.22:8088,http://118.119.23.31:8088,http://183.146.108.164:8088,http://115.63.124.186:8088,http://113.214.13.1:8000,http://58.242.73.239:8088,http://122.141.47.108:8088,http://114.234.244.118:8088
http://221.12.163.35:80,http://183.62.60.100:80,http://175.98.12.69:8088,http://60.179.75.11:8088,http://58.218.150.71:8088,http://183.209.124.38:8088,http://60.5.97.122:8088,http://211.151.59.251:80,http://113.237.206.45:8088,http://125.119.2.44:8088,http://114.95.216.45:8088,http://110.228.12.112:8088,http://118.233.199.164:8088,http://183.207.224.17:83,http://124.230.71.201:8088
http://36.248.129.215:9999,http://136.228.128.14:61158,http://112.111.108.232:9000,http://60.191.57.78:13629,http://39.108.92.182:8888,http://175.42.168.62:9000,http://121.232.148.43:9000,http://117.90.5.63:9000,http://1.197.203.134:9999,http://124.47.7.38:80,http://124.200.36.118:40188,http://117.90.137.194:9000,http://202.109.157.63:9000,http://175.44.150.16:9000,http://114.239.151.207:9999
http://121.232.194.71:9000,http://27.159.165.134:9999,http://125.123.127.246:9999,http://222.74.65.86:56210,http://203.110.164.139:52144,http://175.44.150.190:9000,http://110.86.138.85:9999,http://125.123.67.235:9999,http://47.107.186.18:8118,http://1.199.31.232:9999,http://182.92.194.49:8118,http://125.123.70.62:9999,http://47.107.108.151:8118,http://47.107.69.175:8000,http://222.189.144.165:9999
http://27.204.86.23:9999,http://113.123.28.194:9999,http://114.239.254.163:9999,http://115.238.59.86:37600,http://125.123.121.251:9999,http://117.87.178.130:9000,http://120.234.138.101:53779,http://123.134.216.190:9999,http://121.232.148.118:9000,http://117.95.198.198:9999,http://113.123.28.45:9999,http://49.86.181.13:9999,http://222.223.203.104:8060,http://106.110.212.19:9999,http://122.243.13.225:9000
http://180.104.63.194:9000,http://114.239.144.187:9999,http://113.123.28.125:9999,http://106.42.161.222:9999,http://222.184.7.206:43327,http://121.232.148.28:9000,http://110.86.139.146:9999,http://180.150.185.191:10820,http://14.29.232.142:8082,http://136.228.128.14:61158,http://125.123.64.221:9999,http://125.123.121.200:9999,http://117.90.7.50:9000,http://110.86.138.207:9999,http://125.123.125.210:9999
http://163.204.244.201:9999,http://114.239.145.246:9999,http://121.232.194.159:9000,http://58.250.17.74:808,http://1.199.31.21:9999,http://114.235.22.37:9000,http://125.123.127.213:9999,http://175.42.188.44:9000,http://113.123.28.194:9999,http://180.168.13.26:8000,http://60.2.44.182:40268,http://125.110.76.74:9000,http://121.232.194.73:9000,http://117.90.6.68:9000,http://115.29.3.37:80
http://123.163.96.172:9999,http://27.159.167.200:9999,http://118.212.106.7:9999,http://125.123.65.133:9999,http://112.111.118.146:9000,http://111.230.254.195:8118,http://1.198.73.34:9999,http://221.224.136.211:35101,http://113.123.28.26:9999,http://221.7.211.246:51864,http://113.194.29.60:9999,http://121.232.148.22:9000,http://219.159.38.201:56210,http://182.35.85.212:9999,http://120.79.87.39:8118
http://183.158.151.35:8088,http://115.236.59.194:3128,http://218.161.32.34:8888,http://222.74.6.48:8000,http://61.155.49.74:8088,http://112.229.132.114:8088,http://218.86.202.161:8088,http://115.152.70.194:8088,http://117.82.96.200:8088,http://1.172.133.184:8088,http://121.57.8.114:8088,http://219.139.245.96:8088,http://120.198.230.30:80,http://112.113.70.161:8088,http://58.68.246.12:18080
http://60.13.74.183:80,http://118.252.9.242:8088,http://120.198.230.57:80,http://61.130.136.39:9000,http://223.87.63.187:8123,http://58.44.205.17:8088,http://60.210.18.11:80,http://58.99.105.211:8088,http://119.1.89.249:8088,http://27.37.2.112:8088,http://124.135.134.60:8088,http://58.52.108.79:8088,http://202.108.50.75:80,http://118.79.176.218:8088,http://175.170.127.58:1205
http://115.29.164.195:8081,http://118.250.81.157:8088,http://183.57.78.124:8080,http://112.235.197.39:8088,http://110.180.90.181:8088,http://113.56.166.219:8088,http://116.5.39.201:8088,http://180.153.32.9:8080,http://42.238.106.194:8088,http://36.232.196.119:8088,http://122.6.133.146:8088,http://123.182.218.49:8088,http://183.207.224.39:80,http://117.67.225.182:8088,http://125.38.239.199:8088
http://122.96.59.104:843,http://111.1.32.24:8123,http://58.50.128.236:8088,http://210.14.152.92:8080,http://115.29.187.226:80,http://183.207.224.51:84,http://114.88.216.35:80,http://118.26.230.75:8000,http://59.49.145.91:8088,http://117.139.38.191:8123,http://112.105.14.220:8088,http://218.76.23.110:8088,http://121.228.49.228:8088,http://121.239.148.120:8088,http://183.68.240.91:8088
http://113.246.210.91:8088,http://112.87.36.200:8088,http://116.3.108.7:8088,http://219.134.245.158:8088,http://116.210.118.101:8088,http://117.21.221.9:9000,http://117.40.38.215:8088,http://123.165.203.87:8088,http://112.252.237.182:8088,http://222.142.2.180:8088,http://175.31.7.178:8088,http://221.211.229.235:8088,http://61.224.172.203:8088,http://220.174.43.10:8088,http://222.92.21.237:8088
http://180.118.128.254:9000,http://125.110.93.8:9000,http://117.90.137.208:9000,http://117.90.0.80:9000,http://94.191.40.157:8118,http://163.204.246.11:9999,http://117.90.6.135:9000,http://117.95.198.116:9999,http://120.79.214.236:8000,http://125.71.212.13:9000,http://110.86.139.203:9999,http://114.239.145.185:9999,http://222.189.245.108:9999,http://125.123.126.10:9999,http://125.110.127.69:9000
http://125.123.127.213:9999,http://183.129.207.86:13693,http://125.123.120.209:9999,http://39.105.28.28:8118,http://1.198.72.49:9999,http://121.232.148.193:9000,http://112.111.96.123:9000,http://125.123.126.128:9999,http://121.13.252.61:41564,http://125.123.64.163:9999,http://60.188.60.217:9000,http://125.110.75.162:9000,http://125.123.71.211:9999,http://112.111.110.145:9000,http://123.163.97.192:9999
http://182.92.113.183:8118,http://125.123.122.178:9999,http://125.123.71.166:9999,http://117.90.137.159:9000,http://121.232.199.228:9000,http://117.90.7.193:9000,http://27.159.164.122:9999,http://121.232.199.101:9000,http://125.123.65.174:9999,http://175.42.188.72:9000,http://175.42.158.217:9999,http://175.44.149.116:9000,http://180.118.128.254:9000,http://113.120.35.1:9999,http://175.44.159.187:9000
http://119.254.94.93:44665,http://117.91.132.164:9999,http://125.123.126.235:9999,http://111.160.169.54:53619,http://114.239.3.203:9999,http://117.91.254.174:9999,http://1.198.73.190:9999,http://171.11.33.236:9999,http://1.198.73.144:9999,http://121.232.194.73:9000,http://110.86.136.152:9999,http://114.234.80.226:9000,http://125.123.66.97:9999,http://125.123.70.85:9999,http://119.254.94.93:44665
http://117.64.232.85:8088,http://219.156.185.211:8088,http://222.243.66.132:8088,http://61.153.209.18:3128,http://123.240.37.126:8088,http://60.12.216.5:8088,http://219.226.106.60:8088,http://112.194.98.165:8088,http://124.73.6.42:8088,http://61.227.15.21:8088,http://117.45.197.245:8088,http://114.225.243.43:8088,http://103.250.225.108:8080,http://113.79.38.119:8088,http://218.64.90.53:8123
http://114.104.158.141:80,http://124.132.63.7:8088,http://61.155.136.187:80,http://221.205.83.193:8088,http://221.227.36.65:8088,http://112.124.4.94:80,http://111.77.122.228:9000,http://221.199.21.149:8088,http://222.210.206.8:8088,http://110.255.107.66:8088,http://113.195.212.74:8088,http://218.107.206.197:8088,http://115.215.99.59:8088,http://58.255.140.207:8088,http://61.163.183.45:8088
http://119.187.105.55:8088,http://123.8.160.187:8088,http://111.183.36.144:1182,http://118.248.119.81:8088,http://122.141.62.59:8088,http://116.210.153.205:8088,http://119.189.159.103:8088,http://222.219.58.82:8088,http://58.46.228.149:8088,http://1.168.37.5:8088,http://60.244.236.193:8088,http://222.168.173.48:8088,http://1.174.229.216:8088,http://111.79.203.235:8088,http://182.85.70.124:8088
http://14.108.151.2:8088,http://124.94.178.36:8088,http://110.246.58.105:8088,http://118.88.130.132:8088,http://182.18.32.238:8080,http://118.232.117.205:8088,http://219.157.176.108:8088,http://219.159.13.208:8088,http://122.234.221.102:8088,http://1.162.101.117:8088,http://61.233.41.117:8123,http://111.11.228.9:81,http://58.45.242.68:8088,http://61.57.78.99:8088,http://124.235.66.59:8088
http://182.105.11.63:9000,http://120.79.64.147:8118,http://114.239.251.3:9999,http://125.110.101.179:9000,http://112.17.184.45:8060,http://180.118.86.126:9000,http://125.108.123.66:9000,http://180.104.62.5:9000,http://122.242.133.42:9000,http://61.164.39.68:53281,http://58.22.207.58:9000,http://117.90.137.209:9000,http://175.44.148.70:9000,http://58.22.223.50:9000,http://175.42.168.9:9000
http://219.159.38.208:56210,http://180.118.86.224:9000,http://117.90.0.233:9000,http://59.32.37.128:8010,http://121.232.199.76:9000,http://219.159.38.208:56210,http://202.107.231.173:9090,http://115.221.68.14:8118,http://121.232.194.60:9000,http://47.99.65.77:8118,http://49.76.85.124:8060,http://39.106.130.141:80,http://144.123.70.176:9999,http://114.235.22.14:9000,http://117.90.252.179:9000
http://182.105.11.38:9000,http://125.110.109.87:9000,http://106.5.202.69:9000,http://121.232.194.196:9000,http://14.29.232.142:8082,http://114.235.22.229:9000,http://117.90.252.32:9000,http://125.110.76.202:9000,http://121.232.148.169:9000,http://47.94.89.87:3128,http://124.200.36.118:40188,http://125.123.67.224:9999,http://183.129.207.86:13849,http://123.163.96.62:9999,http://117.90.2.221:9000
http://113.1.77.156:8088,http://211.138.121.37:83,http://117.83.132.148:8088,http://220.186.195.82:8088,http://118.168.42.77:8088,http://101.65.225.45:8088,http://175.3.37.199:8088,http://61.227.21.160:8088,http://218.16.127.84:8088,http://222.45.51.114:8088,http://114.41.88.249:8088,http://218.61.246.49:8088,http://123.166.198.246:8088,http://125.109.215.86:8088,http://115.201.244.250:8088
http://114.252.254.97:8088,http://121.248.150.107:8080,http://117.41.218.125:8088,http://183.221.63.126:8123,http://219.152.126.170:8088,http://221.180.147.30:80,http://183.207.224.15:80,http://117.10.47.142:8088,http://124.89.187.33:8088,http://113.56.98.109:8088,http://58.44.220.58:8088,http://124.230.118.196:8088,http://183.48.140.249:1113,http://115.29.191.128:80,http://60.216.240.118:1178
http://119.100.0.147:8088,http://111.176.1.98:8088,http://112.66.169.219:8088,http://114.103.55.179:8088,http://58.19.151.65:8088,http://117.59.217.237:82,http://123.159.193.22:63000,http://120.7.146.57:8088,http://111.11.228.39:81,http://118.118.253.252:1196,http://183.62.60.101:80,http://61.50.139.28:8080,http://58.23.41.17:8088,http://220.188.40.145:8088,http://113.195.10.8:8088
http://183.141.169.125:80,http://118.171.162.212:8088,http://111.184.235.116:8088,http://183.207.232.194:8080,http://218.164.208.46:8088,http://111.162.151.214:8088,http://123.155.253.24:80,http://218.7.247.51:8088,http://222.134.134.74:8088,http://124.167.121.233:8088,http://121.238.179.122:8088,http://110.153.192.192:8088,http://61.174.9.96:8080,http://183.57.216.146:8088,http://58.47.63.222:8088
http://175.42.168.127:9000,http://47.104.172.108:8118,http://117.90.2.80:9000,http://121.232.194.131:9000,http://94.191.102.78:8081,http://121.232.199.221:9000,http://1.199.31.113:9999,http://125.110.66.48:9000,http://114.234.82.158:9000,http://117.90.252.215:9000,http://121.13.252.58:41564,http://36.248.133.154:9999,http://58.56.149.198:53281,http://117.87.178.4:9000,http://183.129.207.80:13516
